create database Credit_Card_Database;
use Credit_Card_Database;

SELECT * FROM transaction_details WHERE card_number = '5929 4093 0641 7631';

SELECT user_name, personal_details FROM user_details WHERE userID ='UID00001';
SELECT * FROM personal_details WHERE personalID ='PID00001';

create table Personal_details(
	personalID varchar(25) primary key,
    qualification varchar(25),
    marital_status varchar(25),
    father_name varchar(25),
    mother_name varchar(25),
    dependence int);
    
create table Authentication_details(
	authenticationID varchar(25) primary key,
    contact_number varchar(25),
    emailID varchar(30),
    pancard_number varchar(25));
    
create table Employee_details(
	employeeID varchar(25) primary key,
    positions varchar(25),
    organisation varchar(25),
    institution varchar(25));

 create table Bank_details(
	bankID varchar(25) primary key,
    bank_name varchar(25),
    coustomer_count int,
    contact varchar(10),
    email varchar(25),
    address varchar(50));
    
create table Account_details(
	account_number varchar(25) primary key,
    account_type varchar(25),
    account_balance int,
    account_minbalance int,
    bankID varchar(25),
    foreign key(bankID) references Bank_details(bankID));

create table Transaction_details(
	transactionID varchar(25) primary key,
    card_number varchar(19),
	credit_score int,
	credited_amount int,
	repaid_amount int,
	balance_amount int,
	transaction_limit int);
    
create table Card_details( 
	card_number varchar(19) primary key,
    card_username varchar(25),
    card_network varchar(25),
    card_provider varchar(25),
    card_class varchar(25),
    card_validity date,
    transactionID varchar(25),
    Foreign key (transactionID) references Transaction_details(transactionID));

CREATE TABLE Reward_details (
    card_number varchar(19) ,
    points_earned INT NOT NULL,
    points_redeemed INT NOT NULL,
    balance_points INT NOT NULL,
    last_updated DATE NOT NULL,
    FOREIGN KEY (card_number) REFERENCES Card_details(card_number));


create table User_details(
	userID varchar(25) primary key,
    user_name varchar(25),
    account_number varchar(12),
    personal_details varchar(25),
    employee_details varchar(25),
    authentication_details varchar(25),
    card_number varchar(19),
    Foreign key (account_number) references Account_details (account_number),
    Foreign key (personal_details) references Personal_details (personalID),
    Foreign key (employee_details) references Employee_details (employeeID),
    Foreign key (authentication_details) references Authentication_details (authenticationID),
    Foreign key (card_number) references Card_details (card_number));
    
create table Login_details(
	userID varchar(25),
    password varchar(25),
    Foreign key (userID) references User_details (userID));
    
create table Admin_details(
	adminID varchar(25),
    password varchar(25));

SELECT personal_details, authentication_details, card_number FROM user_details WHERE userID ='UID00011';

INSERT INTO Personal_details (personalID, qualification, marital_status, father_name, mother_name, dependence)
VALUES 
('PID00001', 'Graduate', 'Married', 'Ram Kumar', 'Sita Devi', 2),
('PID00002', 'Post Graduate', 'Single', 'Amit Singh', 'Anita Singh', 0),
('PID00003', 'Undergraduate', 'Married', 'Vijay Sharma', 'Meera Sharma', 1),
('PID00004', 'Graduate', 'Single', 'Rajesh Patel', 'Priya Patel', 0),
('PID00005', 'Diploma', 'Married', 'Sanjay Verma', 'Sunita Verma', 3),
('PID00006', 'Post Graduate', 'Married', 'Prakash Gupta', 'Geeta Gupta', 2),
('PID00007', 'Graduate', 'Single', 'Arun Kumar', 'Sarita Devi', 0),
('PID00008', 'Undergraduate', 'Married', 'Anand Singh', 'Kavita Singh', 1),
('PID00009', 'Diploma', 'Single', 'Rahul Sharma', 'Neetu Sharma', 0),
('PID00010', 'Graduate', 'Single', 'Manish Patel', 'Rakhi Patel', 0),
('PID00011', 'Graduate', 'Single', 'Suresh Yadav', 'Rekha Yadav', 0),
('PID00012', 'Post Graduate', 'Married', 'Naresh Singh', 'Laxmi Singh', 1),
('PID00013', 'Undergraduate', 'Married', 'Dinesh Kumar', 'Anjali Kumar', 2),
('PID00014', 'Diploma', 'Single', 'Vinod Gupta', 'Radha Gupta', 0),
('PID00015', 'Graduate', 'Married', 'Ashok Verma', 'Suman Verma', 3),
('PID00016', 'Post Graduate', 'Single', 'Ravi Sharma', 'Nisha Sharma', 0),
('PID00017', 'Undergraduate', 'Married', 'Gopal Patel', 'Rani Patel', 1),
('PID00018', 'Graduate', 'Single', 'Pankaj Gupta', 'Sunita Gupta', 0),
('PID00019', 'Diploma', 'Married', 'Ramesh Yadav', 'Kavita Yadav', 2),
('PID00020', 'Graduate', 'Single', 'Mohan Singh', 'Shanti Singh', 0),
('PID00021', 'Post Graduate', 'Married', 'Sanjay Kumar', 'Geeta Kumar', 1),
('PID00022', 'Undergraduate', 'Single', 'Anil Sharma', 'Meera Sharma', 0),
('PID00023', 'Diploma', 'Married', 'Vijay Patel', 'Rekha Patel', 3),
('PID00024', 'Graduate', 'Single', 'Rajesh Gupta', 'Radha Gupta', 0),
('PID00025', 'Post Graduate', 'Married', 'Kishore Verma', 'Suman Verma', 1),
('PID00026', 'Undergraduate', 'Single', 'Ashok Kumar', 'Nisha Kumar', 0),
('PID00027', 'Graduate', 'Married', 'Naresh Yadav', 'Rani Yadav', 2),
('PID00028', 'Diploma', 'Single', 'Ravi Singh', 'Sunita Singh', 0),
('PID00029', 'Post Graduate', 'Married', 'Suresh Sharma', 'Kavita Sharma', 1),
('PID00030', 'Undergraduate', 'Single', 'Dinesh Patel', 'Shanti Patel', 0),
('PID00031', 'Graduate', 'Married', 'Vinod Gupta', 'Geeta Gupta', 2),
('PID00032', 'Diploma', 'Single', 'Pankaj Verma', 'Suman Verma', 0),
('PID00033', 'Graduate', 'Married', 'Ramesh Sharma', 'Nisha Sharma', 3),
('PID00034', 'Post Graduate', 'Single', 'Ashok Patel', 'Radha Patel', 0),
('PID00035', 'Undergraduate', 'Married', 'Mohan Gupta', 'Rekha Gupta', 1),
('PID00036', 'Graduate', 'Single', 'Sanjay Kumar', 'Rani Kumar', 0),
('PID00037', 'Diploma', 'Married', 'Rajesh Singh', 'Sunita Singh', 2),
('PID00038', 'Graduate', 'Single', 'Anil Verma', 'Kavita Verma', 0),
('PID00039', 'Post Graduate', 'Married', 'Gopal Sharma', 'Shanti Sharma', 1),
('PID00040', 'Undergraduate', 'Single', 'Ravi Patel', 'Radha Patel', 0),
('PID00041', 'Graduate', 'Married', 'Suresh Gupta', 'Rekha Gupta', 3),
('PID00042', 'Diploma', 'Single', 'Vijay Kumar', 'Rani Kumar', 0),
('PID00043', 'Post Graduate', 'Married', 'Naresh Singh', 'Sunita Singh', 1),
('PID00044', 'Undergraduate', 'Single', 'Dinesh Sharma', 'Kavita Sharma', 0),
('PID00045', 'Graduate', 'Married', 'Vinod Patel', 'Shanti Patel', 2),
('PID00046', 'Diploma', 'Single', 'Pankaj Gupta', 'Geeta Gupta', 0),
('PID00047', 'Graduate', 'Married', 'Ramesh Verma', 'Suman Verma', 3),
('PID00048', 'Post Graduate', 'Single', 'Ashok Sharma', 'Nisha Sharma', 0),
('PID00049', 'Undergraduate', 'Married', 'Mohan Patel', 'Radha Patel', 1),
('PID00050', 'Graduate', 'Single', 'Sanjay Gupta', 'Rekha Gupta', 0);

-- UPDATE Authentication_details set emailID ="raj.kumar@example.com" where authenticationID = "AID00001";

INSERT INTO Authentication_details (authenticationID, contact_number, emailID, pancard_number)
VALUES 
('AID00001', '+91-9876543210', 'ram.kumar@example.com', 'ABCDE1234F'),
('AID00002', '+91-8765432109', 'amit.singh@example.com', 'FGHIJ5678K'),
('AID00003', '+91-7654321098', 'rakshitha.sharma@example.com', 'KLMNO9012L'),
('AID00004', '+91-6543210987', 'rajesh.patel@example.com', 'PQRST3456M'),
('AID00005', '+91-5432109876', 'sanjay.verma@example.com', 'UVWXY7890N'),
('AID00006', '+91-4321098765', 'prakash.gupta@example.com', 'ZABCD1234O'),
('AID00007', '+91-3210987654', 'arun.kumar@example.com', 'EFGHI5678P'),
('AID00008', '+91-2109876543', 'anand.singh@example.com', 'IJKLM9012Q'),
('AID00009', '+91-1098765432', 'rahul.sharma@example.com', 'RSTUV3456R'),
('AID00010', '+91-0987654321', 'manish.patel@example.com', 'WXYZA7890S'),
('AID00011', '+91-9988776655', 'suresh.yadav@example.com', 'MNOPQ3456T'),
('AID00012', '+91-8877665544', 'naresh.singh@example.com', 'QRSTU6789V'),
('AID00013', '+91-7766554433', 'dinesh.kumar@example.com', 'VWXYZ0123X'),
('AID00014', '+91-6655443322', 'meghana.gupta@example.com', 'ABCDE4567Y'),
('AID00015', '+91-5544332211', 'vinyas.verma@example.com', 'FGHIJ8901Z'),
('AID00016', '+91-4433221100', 'ravi.sharma@example.com', 'KLMNO2345A'),
('AID00017', '+91-3322110099', 'gopal.patel@example.com', 'PQRST6789B'),
('AID00018', '+91-2211009988', 'pankaj.gupta@example.com', 'UVWXY0123C'),
('AID00019', '+91-2210776655', 'rahul.sharma@example.com', 'UVWXY0123G'),
('AID00020', '+91-1100998877', 'suma.singh@example.com', 'ZABCD4567D'),
('AID00021', '+91-0099887766', 'sanjay.kumar@example.com', 'EFGHI8901E'),
('AID00022', '+91-9988665544', 'anil.sharma@example.com', 'MNOPQ2345F'),
('AID00023', '+91-8877554433', 'vijay.patel@example.com', 'QRSTU6789G'),
('AID00024', '+91-7766443322', 'rajesh.gupta@example.com', 'VWXYZ0123H'),
('AID00025', '+91-6655332211', 'vinod.patel@example.com', 'ABCDE4567I'),
('AID00026', '+91-5544221100', 'ashok.kumar@example.com', 'FGHIJ8901J'),
('AID00027', '+91-4433110099', 'naresh.yadav@example.com', 'KLMNO2345K'),
('AID00028', '+91-3322009988', 'ravi.singh@example.com', 'PQRST6789L'),
('AID00029', '+91-2211998877', 'pradeep.sharma@example.com', 'UVWXY0123M'),
('AID00030', '+91-1100887766', 'ananya.patel@example.com', 'ZABCD4567N'),
('AID00031', '+91-9988554433', 'prakaj.verma@example.com', 'MNOPQ2345P'),
('AID00032', '+91-3322998877', 'vinod.gupta@example.com', 'PQRST6789V'),
('AID00033', '+91-4433009988', 'ramesh.sharma@example.com', 'KLMNO2345U'),
('AID00034', '+91-2211887766', 'ashok.patel@example.com', 'UVWXY0123W'),
('AID00035', '+91-1100776655', 'mohan.gupta@example.com', 'ZABCD4567X'),
('AID00036', '+91-0099665544', 'sanjay.kumar@example.com', 'EFGHI8901Y'),
('AID00037', '+91-3322998877', 'poojan.singh@example.com', 'PQRST6789V'),
('AID00038', '+91-9988443322', 'anil.verma@example.com', 'MNOPQ2345Z'),
('AID00039', '+91-8877332211', 'gopal.sharma@example.com', 'QRSTU6789A'),
('AID00040', '+91-7766221100', 'ravi.patel@example.com', 'VWXYZ0123B'),
('AID00041', '+91-6655110099', 'chandru.gupta@example.com', 'ABCDE4567C'),
('AID00042', '+91-5544009988', 'vijay.kumar@example.com', 'FGHIJ8901D'),
('AID00043', '+91-4432998877', 'naresh.singh@example.com', 'KLMNO2345E'),
('AID00044', '+91-8877443322', 'sinchana.sharma@example.com', 'QRSTU6789Q'),
('AID00045', '+91-1100665544', 'vinod.patel@example.com', 'ZABCD4567H'),
('AID00046', '+91-3321887766', 'ashok.kumar@example.com', 'PQRST6789F'),
('AID00047', '+91-0099554433', 'naresh.yadav@example.com', 'EFGHI8901I'),
('AID00048', '+91-7766332211', 'suman.singh@example.com', 'VWXYZ0123R'),
('AID00049', '+91-6655221100', 'suresh.sharma@example.com', 'ABCDE4567S'),
('AID00050', '+91-5544110099', 'prithwin.patel@example.com', 'FGHIJ8901T');

INSERT INTO Employee_details (employeeID, positions, organisation, institution)
VALUES 
('EID00001', 'Manager', 'XYZ Corp', 'IIT Delhi'),
('EID00002', 'Developer', 'ABC Ltd', 'NIT Trichy'),
('EID00003', 'Analyst', 'PQR Inc', 'BITS Pilani'),
('EID00004', 'Consultant', 'LMN Pvt', 'IIM Ahmedabad'),
('EID00005', 'HR', 'TUV Co', 'IIT Bombay'),
('EID00006', 'CEO', 'JKL Ltd', 'IIM Bangalore'),
('EID00007', 'CFO', 'OPQ Corp', 'IIM Calcutta'),
('EID00008', 'CTO', 'GHI Inc', 'IIT Kanpur'),
('EID00009', 'COO', 'DEF Pvt', 'IIT Madras'),
('EID00010', 'Engineer', 'UVW Co', 'NIT Warangal'),
('EID00011', 'Scientist', 'CDE Ltd', 'IISc Bangalore'),
('EID00012', 'Architect', 'RST Inc', 'SPA Delhi'),
('EID00013', 'Designer', 'FGH Pvt', 'NIFT Delhi'),
('EID00014', 'Director', 'MNO Ltd', 'ISB Hyderabad'),
('EID00015', 'Officer', 'XYZ Corp', 'DU Delhi'),
('EID00016', 'Manager', 'ABC Ltd', 'MU Mumbai'),
('EID00017', 'Developer', 'PQR Inc', 'CU Chennai'),
('EID00018', 'Analyst', 'LMN Pvt', 'JU Kolkata'),
('EID00019', 'Consultant', 'TUV Co', 'PU Punjab'),
('EID00020', 'HR', 'JKL Ltd', 'AU Andhra'),
('EID00021', 'CEO', 'OPQ Corp', 'OU Orissa'),
('EID00022', 'CFO', 'GHI Inc', 'GU Gujarat'),
('EID00023', 'CTO', 'DEF Pvt', 'KU Kerala'),
('EID00024', 'COO', 'UVW Co', 'BU Bihar'),
('EID00025', 'Engineer', 'CDE Ltd', 'SU Sikkim'),
('EID00026', 'Scientist', 'RST Inc', 'NU Nagaland'),
('EID00027', 'Architect', 'FGH Pvt', 'MH Maharashtra'),
('EID00028', 'Designer', 'MNO Ltd', 'AP Andhra'),
('EID00029', 'Director', 'XYZ Corp', 'TS Telangana'),
('EID00030', 'Officer', 'ABC Ltd', 'TG Telangana'),
('EID00031', 'Manager', 'PQR Inc', 'HR Haryana'),
('EID00032', 'Developer', 'LMN Pvt', 'HP Himachal'),
('EID00033', 'Analyst', 'TUV Co', 'JK Jammu'),
('EID00034', 'Consultant', 'JKL Ltd', 'KA Karnataka'),
('EID00035', 'HR', 'OPQ Corp', 'KL Kerala'),
('EID00036', 'CEO', 'GHI Inc', 'MP Madhya'),
('EID00037', 'CFO', 'DEF Pvt', 'MH Maharashtra'),
('EID00038', 'CTO', 'UVW Co', 'MN Manipur'),
('EID00039', 'COO', 'CDE Ltd', 'ML Meghalaya'),
('EID00040', 'Engineer', 'RST Inc', 'MZ Mizoram'),
('EID00041', 'Scientist', 'FGH Pvt', 'NL Nagaland'),
('EID00042', 'Architect', 'MNO Ltd', 'OR Odisha'),
('EID00043', 'Designer', 'XYZ Corp', 'PB Punjab'),
('EID00044', 'Director', 'ABC Ltd', 'RJ Rajasthan'),
('EID00045', 'Officer', 'PQR Inc', 'SK Sikkim'),
('EID00046', 'Manager', 'LMN Pvt', 'TN Tamil'),
('EID00047', 'Developer', 'TUV Co', 'TR Tripura'),
('EID00048', 'Analyst', 'JKL Ltd', 'UP Uttar'),
('EID00049', 'Consultant', 'OPQ Corp', 'WB West'),
('EID00050', 'HR', 'GHI Inc', 'DL Delhi');

INSERT INTO Bank_details (bankID, bank_name, coustomer_count, contact, email, address)
VALUES 
('BID00001', 'State Bank of India', 100000, '0123456789', 'sbi@example.com', 'Mumbai, Maharashtra'),
('BID00002', 'HDFC Bank', 85000, '0234567890', 'hdfc@example.com', 'Delhi, Delhi'),
('BID00003', 'ICICI Bank', 90000, '0345678901', 'icici@example.com', 'Bangalore, Karnataka'),
('BID00004', 'Axis Bank', 70000, '0456789012', 'axis@example.com', 'Chennai, Tamil Nadu'),
('BID00005', 'Kotak Mahindra Bank', 65000, '0567890123', 'kotak@example.com', 'Hyderabad, Telangana'),
('BID00006', 'IndusInd Bank', 50000, '0678901234', 'indusind@example.com', 'Pune, Maharashtra'),
('BID00007', 'Yes Bank', 45000, '0789012345', 'yesbank@example.com', 'Kolkata, West Bengal'),
('BID00008', 'Punjab National Bank', 60000, '0890123456', 'pnb@example.com', 'Lucknow, Uttar Pradesh'),
('BID00009', 'Bank of Baroda', 55000, '0901234567', 'bob@example.com', 'Ahmedabad, Gujarat'),
('BID00010', 'Canara Bank', 40000, '1012345678', 'canara@example.com', 'Jaipur, Rajasthan'),
('BID00011', 'Union Bank of India', 38000, '1112345679', 'union@example.com', 'Bhopal, Madhya Pradesh'),
('BID00012', 'IDBI Bank', 37000, '1212345670', 'idbi@example.com', 'Patna, Bihar'),
('BID00013', 'Bank of India', 36000, '1312345671', 'boi@example.com', 'Bhubaneswar, Odisha'),
('BID00014', 'Central Bank of India', 35000, '1412345672', 'central@example.com', 'Chandigarh, Punjab'),
('BID00015', 'Indian Bank', 34000, '1512345673', 'indian@example.com', 'Indore, Madhya Pradesh'),
('BID00016', 'Indian Overseas Bank', 33000, '1612345674', 'iob@example.com', 'Nagpur, Maharashtra'),
('BID00017', 'UCO Bank', 32000, '1712345675', 'uco@example.com', 'Guwahati, Assam'),
('BID00018', 'Syndicate Bank', 31000, '1812345676', 'syndicate@example.com', 'Kochi, Kerala'),
('BID00019', 'Corporation Bank', 30000, '1912345677', 'corporation@example.com', 'Coimbatore, Tamil Nadu'),
('BID00020', 'Andhra Bank', 29000, '2012345678', 'andhra@example.com', 'Vijayawada, Andhra Pradesh'),
('BID00021', 'Allahabad Bank', 28000, '2112345679', 'allahabad@example.com', 'Allahabad, Uttar Pradesh'),
('BID00022', 'Dena Bank', 27000, '2212345680', 'dena@example.com', 'Ahmedabad, Gujarat'),
('BID00023', 'Vijaya Bank', 26000, '2312345681', 'vijaya@example.com', 'Bengaluru, Karnataka'),
('BID00024', 'United Bank of India', 25000, '2412345682', 'united@example.com', 'Kolkata, West Bengal'),
('BID00025', 'Bank of Maharashtra', 24000, '2512345683', 'bom@example.com', 'Pune, Maharashtra'),
('BID00026', 'Oriental Bank of Commerce', 23000, '2612345684', 'obc@example.com', 'New Delhi, Delhi'),
('BID00027', 'Punjab & Sind Bank', 22000, '2712345685', 'psb@example.com', 'New Delhi, Delhi'),
('BID00028', 'Indian Overseas Bank', 21000, '2812345686', 'iob@example.com', 'Chennai, Tamil Nadu'),
('BID00029', 'UCO Bank', 20000, '2912345687', 'uco@example.com', 'Kolkata, West Bengal'),
('BID00030', 'Bank of India', 19000, '3012345688', 'boi@example.com', 'Mumbai, Maharashtra'),
('BID00031', 'Canara Bank', 18000, '3112345689', 'canara@example.com', 'Bengaluru, Karnataka'),
('BID00032', 'Syndicate Bank', 17000, '3212345690', 'syndicate@example.com', 'Manipal, Karnataka'),
('BID00033', 'Indian Bank', 16000, '3312345691', 'indian@example.com', 'Chennai, Tamil Nadu'),
('BID00034', 'Union Bank of India', 15000, '3412345692', 'union@example.com', 'Mumbai, Maharashtra'),
('BID00035', 'Punjab National Bank', 14000, '3512345693', 'pnb@example.com', 'New Delhi, Delhi'),
('BID00036', 'IDBI Bank', 13000, '3612345694', 'idbi@example.com', 'Mumbai, Maharashtra'),
('BID00037', 'Central Bank of India', 12000, '3712345695', 'central@example.com', 'Mumbai, Maharashtra'),
('BID00038', 'Bank of Baroda', 11000, '3812345696', 'bob@example.com', 'Vadodara, Gujarat'),
('BID00039', 'Yes Bank', 10000, '3912345697', 'yesbank@example.com', 'Mumbai, Maharashtra'),
('BID00040', 'Kotak Mahindra Bank', 9500, '4012345698', 'kotak@example.com', 'Mumbai, Maharashtra'),
('BID00041', 'Axis Bank', 9000, '4112345699', 'axis@example.com', 'Mumbai, Maharashtra'),
('BID00042', 'ICICI Bank', 8500, '4212345600', 'icici@example.com', 'Mumbai, Maharashtra'),
('BID00043', 'HDFC Bank', 8000, '4312345601', 'hdfc@example.com', 'Mumbai, Maharashtra'),
('BID00044', 'State Bank of India', 7500, '4412345602', 'sbi@example.com', 'Mumbai, Maharashtra'),
('BID00045', 'Bank of Maharashtra', 7000, '4512345603', 'bom@example.com', 'Mumbai, Maharashtra'),
('BID00046', 'Andhra Bank', 6500, '4612345604', 'andhra@example.com', 'Mumbai, Maharashtra'),
('BID00047', 'Corporation Bank', 6000, '4712345605', 'corporation@example.com', 'Mumbai, Maharashtra'),
('BID00048', 'UCO Bank', 5500, '4812345606', 'uco@example.com', 'Mumbai, Maharashtra'),
('BID00049', 'Indian Overseas Bank', 5000, '4912345607', 'iob@example.com', 'Mumbai, Maharashtra'),
('BID00050', 'Syndicate Bank', 4500, '5012345608', 'syndicate@example.com', 'Mumbai, Maharashtra');


INSERT INTO Account_details (account_number, account_type, account_balance, account_minbalance, bankID)
VALUES 
('1000000001', 'Savings', 50000, 1000, 'BID00001'),
('1000000002', 'Current', 100000, 5000, 'BID00002'),
('1000000003', 'Savings', 75000, 2000, 'BID00003'),
('1000000004', 'Current', 125000, 7000, 'BID00004'),
('1000000005', 'Savings', 60000, 1500, 'BID00005'),
('1000000006', 'Current', 140000, 8000, 'BID00006'),
('1000000007', 'Savings', 65000, 1700, 'BID00007'),
('1000000008', 'Current', 110000, 6000, 'BID00008'),
('1000000009', 'Savings', 70000, 1800, 'BID00009'),
('1000000010', 'Current', 120000, 9000, 'BID00010'),
('1000000011', 'Savings', 55000, 1200, 'BID00011'),
('1000000012', 'Current', 130000, 8500, 'BID00012'),
('1000000013', 'Savings', 52000, 1300, 'BID00013'),
('1000000014', 'Current', 145000, 9500, 'BID00014'),
('1000000015', 'Savings', 49000, 1400, 'BID00015'),
('1000000016', 'Current', 160000, 10500, 'BID00016'),
('1000000017', 'Savings', 58000, 1600, 'BID00017'),
('1000000018', 'Current', 155000, 10000, 'BID00018'),
('1000000019', 'Savings', 54000, 1700, 'BID00019'),
('1000000020', 'Current', 165000, 11000, 'BID00020'),
('1000000021', 'Savings', 53000, 1500, 'BID00001'),
('1000000022', 'Current', 100000, 5000, 'BID00002'),
('1000000023', 'Savings', 75000, 2000, 'BID00003'),
('1000000024', 'Current', 125000, 7000, 'BID00004'),
('1000000025', 'Savings', 60000, 1500, 'BID00005'),
('1000000026', 'Current', 140000, 8000, 'BID00006'),
('1000000027', 'Savings', 65000, 1700, 'BID00007'),
('1000000028', 'Current', 110000, 6000, 'BID00008'),
('1000000029', 'Savings', 70000, 1800, 'BID00009'),
('1000000030', 'Current', 120000, 9000, 'BID00010'),
('1000000031', 'Savings', 55000, 1200, 'BID00011'),
('1000000032', 'Current', 130000, 8500, 'BID00012'),
('1000000033', 'Savings', 52000, 1300, 'BID00013'),
('1000000034', 'Current', 145000, 9500, 'BID00014'),
('1000000035', 'Savings', 49000, 1400, 'BID00015'),
('1000000036', 'Current', 160000, 10500, 'BID00016'),
('1000000037', 'Savings', 58000, 1600, 'BID00017'),
('1000000038', 'Current', 155000, 10000, 'BID00018'),
('1000000039', 'Savings', 54000, 1700, 'BID00019'),
('1000000040', 'Current', 165000, 11000, 'BID00020'),
('1000000041', 'Savings', 53000, 1500, 'BID00001'),
('1000000042', 'Current', 100000, 5000, 'BID00002'),
('1000000043', 'Savings', 75000, 2000, 'BID00003'),
('1000000044', 'Current', 125000, 7000, 'BID00004'),
('1000000045', 'Savings', 60000, 1500, 'BID00005'),
('1000000046', 'Current', 140000, 8000, 'BID00006'),
('1000000047', 'Savings', 65000, 1700, 'BID00007'),
('1000000048', 'Current', 110000, 6000, 'BID00008'),
('1000000049', 'Savings', 70000, 1800, 'BID00009'),
('1000000050', 'Current', 120000, 9000, 'BID00010');

INSERT INTO Transaction_details (transactionID, card_number, credit_score, credited_amount, repaid_amount, balance_amount, transaction_limit)
VALUES 
('TID00001', '5929 4093 0641 7631', 800, 10000, 5000, 5000, 20000),
('TID00002', '6024 0071 5899 0495', 750, 20000, 10000, 10000, 25000),
('TID00003', '4532 3593 1238 2319', 700, 15000, 5000, 10000, 20000),
('TID00004', '5225 3490 2168 2968', 650, 25000, 15000, 10000, 30000),
('TID00005', '4532 9364 4020 3650', 720, 18000, 8000, 10000, 25000),
('TID00006', '4916 6349 0675 1064', 780, 22000, 12000, 10000, 30000),
('TID00007', '5024 0071 1414 7751', 740, 16000, 6000, 10000, 25000),
('TID00008', '4929 5384 4029 2462', 760, 20000, 10000, 10000, 25000),
('TID00009', '4556 3571 2586 1572', 680, 15000, 7000, 8000, 20000),
('TID00010', '4716 1604 2357 2103', 690, 17000, 9000, 8000, 22000),
('TID00011', '4532 8149 0669 5957', 800, 25000, 15000, 10000, 30000),
('TID00012', '9716 5138 0245 7183', 720, 20000, 8000, 12000, 25000),
('TID00013', '4916 6554 0975 3914', 760, 22000, 12000, 10000, 27000),
('TID00014', '8556 9433 1988 7196', 740, 18000, 10000, 8000, 25000),
('TID00015', '4716 6103 2434 4465', 780, 16000, 6000, 10000, 23000),
('TID00016', '6916 4930 9286 8883', 800, 30000, 20000, 10000, 35000),
('TID00017', '6532 8666 4157 1189', 700, 14000, 6000, 8000, 20000),
('TID00018', '4929 9249 7258 3098', 690, 12000, 4000, 8000, 18000),
('TID00019', '4556 1500 5924 3918', 710, 16000, 8000, 8000, 22000),
('TID00020', '4539 7759 3148 1915', 680, 10000, 5000, 5000, 15000),
('TID00021', '3555 6321 5192 4088', 750, 20000, 10000, 10000, 25000),
('TID00022', '4556 4145 0048 6062', 740, 17000, 7000, 10000, 23000),
('TID00023', '6024 0071 2857 8965', 720, 15000, 5000, 10000, 20000),
('TID00024', '8532 4546 5279 9764', 760, 18000, 8000, 10000, 24000),
('TID00025', '4916 7899 3031 9743', 800, 30000, 20000, 10000, 35000),
('TID00026', '5556 4142 3426 1097', 780, 16000, 8000, 8000, 23000),
('TID00027', '9929 2712 2697 8084', 690, 12000, 4000, 8000, 18000),
('TID00028', '4916 0686 4734 7482', 710, 14000, 6000, 8000, 20000),
('TID00029', '3524 0071 4946 8314', 740, 18000, 8000, 10000, 23000),
('TID00030', '2716 7977 6385 1117', 720, 16000, 6000, 10000, 22000),
('TID00031', '4556 7864 1588 1781', 760, 22000, 12000, 10000, 27000),
('TID00032', '9929 0165 7017 3932', 780, 16000, 6000, 10000, 23000),
('TID00033', '4556 4330 4524 6353', 690, 12000, 4000, 8000, 18000),
('TID00034', '4539 7015 6460 8001', 710, 14000, 6000, 8000, 20000),
('TID00035', '4532 1927 7115 6230', 740, 18000, 8000, 10000, 23000),
('TID00036', '7556 4149 7617 8838', 720, 16000, 6000, 10000, 22000),
('TID00037', '4556 4153 1982 3466', 760, 22000, 12000, 10000, 27000),
('TID00038', '8556 8056 7624 2027', 780, 16000, 6000, 10000, 23000),
('TID00039', '4916 0685 3286 1045', 690, 12000, 4000, 8000, 18000),
('TID00040', '6556 3880 8844 3085', 710, 14000, 6000, 8000, 20000),
('TID00041', '4532 5335 8644 6655', 800, 25000, 15000, 10000, 30000),
('TID00042', '6556 4598 1394 6329', 720, 20000, 8000, 12000, 25000),
('TID00043', '4532 0119 0578 8978', 760, 22000, 12000, 10000, 27000),
('TID00044', '7556 5320 9906 1981', 740, 18000, 10000, 8000, 25000),
('TID00045', '4532 9026 5227 7126', 780, 16000, 6000, 10000, 23000),
('TID00046', '4556 1880 3184 2410', 800, 30000, 20000, 10000, 35000),
('TID00047', '4916 5848 7728 3149', 700, 14000, 6000, 8000, 20000),
('TID00048', '5532 8731 3065 1695', 690, 12000, 4000, 8000, 18000),
('TID00049', '3453 9873 9880 3445', 710, 16000, 8000, 8000, 22000),
('TID00050', '5929 4093 0641 7631', 680, 10000, 5000, 5000, 15000);


INSERT INTO Card_details (card_number, card_username, card_network, card_provider, card_class, card_validity, transactionID)
VALUES 
('5929 4093 0641 7631', 'Ram Kumar', 'Visa', 'SBI', 'Gold', '2025-12-31', 'TID00001'),
('6024 0071 5899 0495', 'Amit Singh', 'MasterCard', 'HDFC', 'Platinum', '2026-12-31', 'TID00002'),
('4532 3593 1238 2319', 'Rakshitha Sharma', 'Visa', 'ICICI', 'Silver', '2027-12-31', 'TID00003'),
('5225 3490 2168 2968', 'Rajesh Patel', 'MasterCard', 'Axis', 'Gold', '2028-12-31', 'TID00004'),
('4532 9364 4020 3650', 'Sanjay Verma', 'Visa', 'Kotak', 'Platinum', '2029-12-31', 'TID00005'),
('4916 6349 0675 1064', 'Prakash Gupta', 'MasterCard', 'IndusInd', 'Silver', '2025-12-31', 'TID00006'),
('5024 0071 1414 7751', 'Arun Kumar', 'Visa', 'Yes', 'Gold', '2026-12-31', 'TID00007'),
('4929 5384 4029 2462', 'Anand Singh', 'MasterCard', 'PNB', 'Platinum', '2027-12-31', 'TID00008'),
('4556 3571 2586 1572', 'Rahul Sharma', 'Visa', 'BOB', 'Silver', '2028-12-31', 'TID00009'),
('4716 1604 2357 2103', 'Manish Patel', 'MasterCard', 'Canara', 'Gold', '2029-12-31', 'TID00010'),
('4532 8149 0669 5957', 'Suresh Yadav', 'Visa', 'Union', 'Platinum', '2025-12-31', 'TID00011'),
('9716 5138 0245 7183', 'Naresh Singh', 'MasterCard', 'IDBI', 'Silver', '2026-12-31', 'TID00012'),
('4916 6554 0975 3914', 'Dinesh Kumar', 'Visa', 'BOI', 'Gold', '2027-12-31', 'TID00013'),
('8556 9433 1988 7196', 'Meghana Gupta', 'MasterCard', 'Central', 'Platinum', '2028-12-31', 'TID00014'),
('4716 6103 2434 4465', 'Vinyas Verma', 'Visa', 'Indian', 'Silver', '2029-12-31', 'TID00015'),
('6916 4930 9286 8883', 'Ravi Sharma', 'MasterCard', 'IOB', 'Gold', '2025-12-31', 'TID00016'),
('6532 8666 4157 1189', 'Gopal Patel', 'Visa', 'UCO', 'Platinum', '2026-12-31', 'TID00017'),
('4929 9249 7258 3098', 'Pankaj Gupta', 'MasterCard', 'Syndicate', 'Silver', '2027-12-31', 'TID00018'),
('4556 1500 5924 3918', 'Ramesh Yadav', 'Visa', 'Corporation', 'Gold', '2028-12-31', 'TID00019'),
('4539 7759 3148 1915', 'Suma Singh', 'MasterCard', 'Andhra', 'Platinum', '2029-12-31', 'TID00020'),
('3555 6321 5192 4088', 'Sanjay Kumar', 'Visa', 'SBI', 'Silver', '2025-12-31', 'TID00021'),
('4556 4145 0048 6062', 'Anil Sharma', 'MasterCard', 'HDFC', 'Gold', '2026-12-31', 'TID00022'),
('6024 0071 2857 8965', 'Vijay Patel', 'Visa', 'ICICI', 'Platinum', '2027-12-31', 'TID00023'),
('8532 4546 5279 9764', 'Rajesh Gupta', 'MasterCard', 'Axis', 'Silver', '2028-12-31', 'TID00024'),
('4916 7899 3031 9743', 'Vinod Patel', 'Visa', 'Kotak', 'Gold', '2029-12-31', 'TID00025'),
('5556 4142 3426 1097', 'Ashok Kumar', 'MasterCard', 'IndusInd', 'Platinum', '2025-12-31', 'TID00026'),
('4532 7467 9422 4438', 'Naresh Yadav', 'Visa', 'Yes', 'Silver', '2026-12-31', 'TID00027'),
('9929 2712 2697 8084', 'Ravi Singh', 'MasterCard', 'PNB', 'Gold', '2027-12-31', 'TID00028'),
('4916 0686 4734 7482', 'Pradeep Sharma', 'Visa', 'BOB', 'Platinum', '2028-12-31', 'TID00029'),
('3524 0071 4946 8314', 'Ananya Patel', 'MasterCard', 'Canara', 'Silver', '2029-12-31', 'TID00030'),
('2716 7977 6385 1117', 'Vinod Gupta', 'Visa', 'Union', 'Gold', '2025-12-31', 'TID00031'),
('4556 7864 1588 1781', 'Pankaj Verma', 'MasterCard', 'IDBI', 'Platinum', '2026-12-31', 'TID00032'),
('9929 0165 7017 3932', 'Ramesh Sharma', 'Visa', 'BOI', 'Silver', '2027-12-31', 'TID00033'),
('4556 4330 4524 6353', 'Ashok Patel', 'MasterCard', 'Central', 'Gold', '2028-12-31', 'TID00034'),
('4539 7015 6460 8001', 'Mohan Gupta', 'Visa', 'Indian', 'Platinum', '2029-12-31', 'TID00035'),
('4532 1927 7115 6230', 'Sanjay Kumar', 'MasterCard', 'IOB', 'Silver', '2025-12-31', 'TID00036'),
('7556 4149 7617 8838', 'Poojan Singh', 'Visa', 'UCO', 'Gold', '2026-12-31', 'TID00037'),
('4556 4153 1982 3466', 'Anil Verma', 'MasterCard', 'Syndicate', 'Platinum', '2027-12-31', 'TID00038'),
('8556 8056 7624 2027', 'Gopal Sharma', 'Visa', 'Corporation', 'Silver', '2028-12-31', 'TID00039'),
('4916 0685 3286 1045', 'Ravi Patel', 'MasterCard', 'Andhra', 'Gold', '2029-12-31', 'TID00040'),
('6556 3880 8844 3085', 'Chandru Gupta', 'Visa', 'SBI', 'Platinum', '2025-12-31', 'TID00041'),
('4532 5335 8644 6655', 'Vijay Kumar', 'MasterCard', 'HDFC', 'Silver', '2026-12-31', 'TID00042'),
('6556 4598 1394 6329', 'Naresh Singh', 'Visa', 'ICICI', 'Gold', '2027-12-31', 'TID00043'),
('4532 0119 0578 8978', 'Sinchana Sharma', 'MasterCard', 'Axis', 'Platinum', '2028-12-31', 'TID00044'),
('7556 5320 9906 1981', 'Vinod Patel', 'Visa', 'Kotak', 'Silver', '2029-12-31', 'TID00045'),
('4532 9026 5227 7126', 'Ashok Kumar', 'MasterCard', 'IndusInd', 'Gold', '2025-12-31', 'TID00046'),
('4556 1880 3184 2410', 'Naresh Yadav', 'Visa', 'Yes', 'Platinum', '2026-12-31', 'TID00047'),
('4916 5848 7728 3149', 'Suman Singh', 'MasterCard', 'PNB', 'Silver', '2027-12-31', 'TID00048'),
('5532 8731 3065 1695', 'Suresh Sharma', 'Visa', 'BOB', 'Gold', '2028-12-31', 'TID00049'),
('3453 9873 9880 3445', 'Prithwin Patel', 'MasterCard', 'Canara', 'Platinum', '2029-12-31', 'TID00050');


INSERT INTO Reward_details (card_number, points_earned, points_redeemed, balance_points, last_updated)
VALUES 
('5929 4093 0641 7631', 4500, 500, 4000, '2022-01-15'),
('6024 0071 5899 0495', 6700, 2500, 4200, '2021-05-10'),
('4532 3593 1238 2319', 5300, 1800, 3500, '2020-12-25'),
('5225 3490 2168 2968', 8000, 3700, 4300, '2023-07-04'),
('4532 9364 4020 3650', 6600, 1600, 5000, '2019-11-11'),
('4916 6349 0675 1064', 7200, 2200, 5000, '2024-02-29'),
('5024 0071 1414 7751', 5900, 1900, 4000, '2018-08-23'),
('4929 5384 4029 2462', 8000, 3500, 4500, '2022-06-30'),
('4556 3571 2586 1572', 7200, 1700, 5500, '2021-09-18'),
('4716 1604 2357 2103', 7800, 3300, 4500, '2020-03-05'),
('4532 8149 0669 5957', 8500, 3800, 4700, '2023-10-15'),
('9716 5138 0245 7183', 6900, 3100, 3800, '2019-07-21'),
('4916 6554 0975 3914', 7600, 3200, 4400, '2024-05-01'),
('8556 9433 1988 7196', 7400, 3400, 4000, '2018-04-17'),
('4716 6103 2434 4465', 7500, 2900, 4600, '2022-11-11'),
('6916 4930 9286 8883', 8500, 3600, 4900, '2021-01-01'),
('6532 8666 4157 1189', 6700, 2200, 4500, '2020-09-30'),
('4929 9249 7258 3098', 7000, 3000, 4000, '2023-02-14'),
('4556 1500 5924 3918', 7300, 2100, 5200, '2019-03-25'),
('4539 7759 3148 1915', 6200, 1600, 4600, '2024-08-22'),
('3555 6321 5192 4088', 7200, 2900, 4300, '2018-12-05'),
('4556 4145 0048 6062', 6800, 2300, 4500, '2022-04-13'),
('6024 0071 2857 8965', 7300, 2400, 4900, '2021-08-08'),
('8532 4546 5279 9764', 7600, 3200, 4400, '2020-05-17'),
('4916 7899 3031 9743', 8100, 3600, 4500, '2023-12-31'),
('5556 4142 3426 1097', 7900, 3100, 4800, '2019-06-15'),
('4532 7467 9422 4438', 7600, 2400, 5200, '2024-03-19'),
('9929 2712 2697 8084', 8300, 3900, 4400, '2018-09-09'),
('4916 0686 4734 7482', 6400, 1400, 5000, '2022-07-22'),
('3524 0071 4946 8314', 7100, 2800, 4300, '2021-10-27'),
('2716 7977 6385 1117', 7800, 3300, 4500, '2020-02-29'),
('4556 7864 1588 1781', 7400, 2200, 5200, '2023-06-06'),
('9929 0165 7017 3932', 8100, 2600, 5500, '2019-01-18'),
('4556 4330 4524 6353', 7000, 2800, 4200, '2024-11-11'),
('4539 7015 6460 8001', 7900, 3200, 4700, '2018-02-14'),
('4532 1927 7115 6230', 8800, 4100, 4700, '2022-10-30'),
('7556 4149 7617 8838', 6200, 1700, 4500, '2021-03-15'),
('4556 4153 1982 3466', 6600, 1600, 5000, '2020-08-20'),
('8556 8056 7624 2027', 7200, 2600, 4600, '2023-01-01'),
('4916 0685 3286 1045', 6300, 2100, 4200, '2019-12-24'),
('6556 3880 8844 3085', 7100, 2700, 4400, '2024-06-25'),
('4532 5335 8644 6655', 7700, 3700, 4000, '2018-05-19'),
('6556 4598 1394 6329', 8000, 3400, 4600, '2022-03-01'),
('4532 0119 0578 8978', 8600, 3000, 5600, '2021-07-04'),
('7556 5320 9906 1981', 8100, 3100, 5000, '2020-11-09'),
('4532 9026 5227 7126', 7400, 2000, 5400, '2023-09-29'),
('4556 1880 3184 2410', 7000, 2300, 4700, '2019-04-13'),
('4916 5848 7728 3149', 7500, 3300, 4200, '2024-10-18'),
('5532 8731 3065 1695', 6600, 2600, 4000, '2018-07-07'),
('3453 9873 9880 3445', 7200, 2800, 4400, '2022-12-12');


-- update user_details set user_name="Raj Kumar" where userID ="UID00001";
INSERT INTO User_details (userID, user_name, account_number, personal_details, employee_details, authentication_details, card_number)
VALUES 
('UID00001', 'Raj Kumar', '1000000001', 'PID00001', 'EID00001', 'AID00001', '5929 4093 0641 7631'),
('UID00002', 'Amit Singh', '1000000002', 'PID00002', 'EID00002', 'AID00002', '6024 0071 5899 0495'),
('UID00003', 'Rakshitha Sharma', '1000000003', 'PID00003', 'EID00003', 'AID00003', '4532 3593 1238 2319'),
('UID00004', 'Rajesh Patel', '1000000004', 'PID00004', 'EID00004', 'AID00004', '5225 3490 2168 2968'),
('UID00005', 'Sanjay Verma', '1000000005', 'PID00005', 'EID00005', 'AID00005', '4532 9364 4020 3650'),
('UID00006', 'Prakash Gupta', '1000000006', 'PID00006', 'EID00006', 'AID00006', '4916 6349 0675 1064'),
('UID00007', 'Arun Kumar', '1000000007', 'PID00007', 'EID00007', 'AID00007', '5024 0071 1414 7751'),
('UID00008', 'Anand Singh', '1000000008', 'PID00008', 'EID00008', 'AID00008', '4929 5384 4029 2462'),
('UID00009', 'Rahul Sharma', '1000000009', 'PID00009', 'EID00009', 'AID00009', '4556 3571 2586 1572'),
('UID00010', 'Manish Patel', '1000000010', 'PID00010', 'EID00010', 'AID00010', '4716 1604 2357 2103'),
('UID00011', 'Suresh Yadav', '1000000011', 'PID00011', 'EID00011', 'AID00011', '4532 8149 0669 5957'),
('UID00012', 'Naresh Singh', '1000000012', 'PID00012', 'EID00012', 'AID00012', '9716 5138 0245 7183'),
('UID00013', 'Dinesh Kumar', '1000000013', 'PID00013', 'EID00013', 'AID00013', '4916 6554 0975 3914'),
('UID00014', 'Meghana Gupta', '1000000014', 'PID00014', 'EID00014', 'AID00014', '8556 9433 1988 7196'),
('UID00015', 'Vinyas Verma', '1000000015', 'PID00015', 'EID00015', 'AID00015', '4716 6103 2434 4465'),
('UID00016', 'Ravi Sharma', '1000000016', 'PID00016', 'EID00016', 'AID00016', '6916 4930 9286 8883'),
('UID00017', 'Gopal Patel', '1000000017', 'PID00017', 'EID00017', 'AID00017', '6532 8666 4157 1189'),
('UID00018', 'Pankaj Gupta', '1000000018', 'PID00018', 'EID00018', 'AID00018', '4929 9249 7258 3098'),
('UID00019', 'Rahul Sharma', '1000000019', 'PID00019', 'EID00019', 'AID00019', '4556 1500 5924 3918'),
('UID00020', 'Suma Singh', '1000000020', 'PID00020', 'EID00020', 'AID00020', '4539 7759 3148 1915'),
('UID00021', 'Sanjay Kumar', '1000000021', 'PID00021', 'EID00021', 'AID00021', '3555 6321 5192 4088'),
('UID00022', 'Anil Sharma', '1000000022', 'PID00022', 'EID00022', 'AID00022', '4556 4145 0048 6062'),
('UID00023', 'Vijay Patel', '1000000023', 'PID00023', 'EID00023', 'AID00023', '6024 0071 2857 8965'),
('UID00024', 'Rajesh Gupta', '1000000024', 'PID00024', 'EID00024', 'AID00024', '8532 4546 5279 9764'),
('UID00025', 'Vinod Patel', '1000000025', 'PID00025', 'EID00025', 'AID00025', '4916 7899 3031 9743'),
('UID00026', 'Ashok Kumar', '1000000026', 'PID00026', 'EID00026', 'AID00026', '5556 4142 3426 1097'),
('UID00027', 'Naresh Yadav', '1000000027', 'PID00027', 'EID00027', 'AID00027', '4532 7467 9422 4438'),
('UID00028', 'Ravi Singh', '1000000028', 'PID00028', 'EID00028', 'AID00028', '9929 2712 2697 8084'),
('UID00029', 'Pradeep Sharma', '1000000029', 'PID00029', 'EID00029', 'AID00029', '4916 0686 4734 7482'),
('UID00030', 'Ananya Patel', '1000000030', 'PID00030', 'EID00030', 'AID00030', '3524 0071 4946 8314'),
('UID00031', 'Vinod Gupta', '1000000031', 'PID00031', 'EID00031', 'AID00031', '2716 7977 6385 1117'),
('UID00032', 'Pankaj Verma', '1000000032', 'PID00032', 'EID00032', 'AID00032', '4556 7864 1588 1781'),
('UID00033', 'Ramesh Sharma', '1000000033', 'PID00033', 'EID00033', 'AID00033', '9929 0165 7017 3932'),
('UID00034', 'Ashok Patel', '1000000034', 'PID00034', 'EID00034', 'AID00034', '4556 4330 4524 6353'),
('UID00035', 'Mohan Gupta', '1000000035', 'PID00035', 'EID00035', 'AID00035', '4539 7015 6460 8001'),
('UID00036', 'Sanjay Kumar', '1000000036', 'PID00036', 'EID00036', 'AID00036', '4532 1927 7115 6230'),
('UID00037', 'Poojan Singh', '1000000037', 'PID00037', 'EID00037', 'AID00037', '7556 4149 7617 8838'),
('UID00038', 'Anil Verma', '1000000038', 'PID00038', 'EID00038', 'AID00038', '4556 4153 1982 3466'),
('UID00039', 'Gopal Sharma', '1000000039', 'PID00039', 'EID00039', 'AID00039', '8556 8056 7624 2027'),
('UID00040', 'Ravi Patel', '1000000040', 'PID00040', 'EID00040', 'AID00040', '4916 0685 3286 1045'),
('UID00041', 'Chandru Gupta', '1000000041', 'PID00041', 'EID00041', 'AID00041', '6556 3880 8844 3085'),
('UID00042', 'Vijay Kumar', '1000000042', 'PID00042', 'EID00042', 'AID00042', '4532 5335 8644 6655'),
('UID00043', 'Naresh Singh', '1000000043', 'PID00043', 'EID00043', 'AID00043', '6556 4598 1394 6329'),
('UID00044', 'Sinchana Sharma', '1000000044', 'PID00044', 'EID00044', 'AID00044', '4532 0119 0578 8978'),
('UID00045', 'Vinod Patel', '1000000045', 'PID00045', 'EID00045', 'AID00045', '7556 5320 9906 1981'),
('UID00046', 'Ashok Kumar', '1000000046', 'PID00046', 'EID00046', 'AID00046', '4532 9026 5227 7126'),
('UID00047', 'Naresh Yadav', '1000000047', 'PID00047', 'EID00047', 'AID00047', '4556 1880 3184 2410'),
('UID00048', 'Suman Singh', '1000000048', 'PID00048', 'EID00048', 'AID00048', '4916 5848 7728 3149'),
('UID00049', 'Suresh Sharma', '1000000049', 'PID00049', 'EID00049', 'AID00049', '5532 8731 3065 1695'),
('UID00050', 'Prithwin Patel', '1000000050', 'PID00050', 'EID00050', 'AID00050', '3453 9873 9880 3445');

-- Insert 50 tuples into the Login_details table
INSERT INTO Login_details (userID, password) VALUES 
('UID00001', 'password01'),
('UID00002', 'password02'),
('UID00003', 'password03'),
('UID00004', 'password04'),
('UID00005', 'password05'),
('UID00006', 'password06'),
('UID00007', 'password07'),
('UID00008', 'password08'),
('UID00009', 'password09'),
('UID00010', 'password10'),
('UID00011', 'password11'),
('UID00012', 'password12'),
('UID00013', 'password13'),
('UID00014', 'password14'),
('UID00015', 'password15'),
('UID00016', 'password16'),
('UID00017', 'password17'),
('UID00018', 'password18'),
('UID00019', 'password19'),
('UID00020', 'password20'),
('UID00021', 'password21'),
('UID00022', 'password22'),
('UID00023', 'password23'),
('UID00024', 'password24'),
('UID00025', 'password25'),
('UID00026', 'password26'),
('UID00027', 'password27'),
('UID00028', 'password28'),
('UID00029', 'password29'),
('UID00030', 'password30'),
('UID00031', 'password31'),
('UID00032', 'password32'),
('UID00033', 'password33'),
('UID00034', 'password34'),
('UID00035', 'password35'),
('UID00036', 'password36'),
('UID00037', 'password37'),
('UID00038', 'password38'),
('UID00039', 'password39'),
('UID00040', 'password40'),
('UID00041', 'password41'),
('UID00042', 'password42'),
('UID00043', 'password43'),
('UID00044', 'password44'),
('UID00045', 'password45'),
('UID00046', 'password46'),
('UID00047', 'password47'),
('UID00048', 'password48'),
('UID00049', 'password49'),
('UID00050', 'password50');

INSERT INTO Admin_details values
	("Admin01","password01");